{
	"datas": [
		{
			"id": "a",
			"title": "Angular",
			"author": "Google",
			"price": 75.00,
			"update": "2015-12-07",
			"status": "true",
			"images": [
				"e",
				"f",
				"g",
				"h"
			]
		}, {
			"id": "b",
			"title": "React",
			"author": "Facebook",
			"price": 57.23,
			"update": "2013-08-09",
			"status": "false",
			"images": [
				"i",
				"j",
				"k",
				"l"
			]
		}, {
			"id": "c",
			"title": "Vue",
			"author": "尤玉溪",
			"price": 89.00,
			"update": "2013-09-18",
			"status": "false",
			"imagmes": [
				"m",
				"n",
				"o",
				"p"
			]
		}, {
			"id": "d",
			"title": "NodeJS",
			"author": "Ryan dahl",
			"price": 117.89,
			"update": "2013-01-27",
			"status": "true",
			"images": [
				"q",
				"r",
				"s",
				"t"
			]
		}, {
			"id": "e",
			"title": "Go",
			"author": "Google",
			"price": 217.89,
			"update": "2014-01-27",
			"status": "true",
			"images": [
				"u",
				"v",
				"w",
				"x"
			]
		}, {
			"id": "f",
			"title": "TypeScript",
			"author": "Microsoft",
			"price": 198.89,
			"update": "2013-01-27",
			"status": "true",
			"images": [
				"y",
				"z",
				"w",
				"x"
			]
		}
	]
}